"","QNP","TAP","QNP","TAP"
"QNP",1,0.724390832749994,NA,0
"TAP",0.724390832749994,1,0,NA
