"","QNP","TAP","QNP","TAP"
"QNP",1,0.766338300955247,NA,0
"TAP",0.766338300955247,1,0,NA
