"","QNP","TAP","QNP","TAP"
"QNP",1,0.724511828844527,NA,0
"TAP",0.724511828844527,1,0,NA
