"","QNP","TAP","QNP","TAP"
"QNP",1,0.483331213925932,NA,0
"TAP",0.483331213925932,1,0,NA
