"","QNP","TAP","QNP","TAP"
"QNP",1,0.725677133467588,NA,0
"TAP",0.725677133467588,1,0,NA
