"","NPC","NSC","NPC","NSC"
"NPC",1,0.911528926444915,NA,0
"NSC",0.911528926444915,1,0,NA
