"","NPC","NSC","NPC","NSC"
"NPC",1,0.911445399323904,NA,0
"NSC",0.911445399323904,1,0,NA
