"","NPC","NSC","NPC","NSC"
"NPC",1,0.908513602020511,NA,0
"NSC",0.908513602020511,1,0,NA
