"","NPC","NSC","NPC","NSC"
"NPC",1,0.911535310055559,NA,0
"NSC",0.911535310055559,1,0,NA
