"","NPC","NSC","NPC","NSC"
"NPC",1,0.901728236269434,NA,0
"NSC",0.901728236269434,1,0,NA
