"","PSVZ","QSVZ","M","No_data","subventricular_zone","PSVZ","QSVZ","M","No_data","subventricular_zone"
"PSVZ",1,0.87331344500068,0.963749286196125,0.963749286196125,0.963749286196125,NA,0,0,0,0
"QSVZ",0.87331344500068,1,0.971633789736301,0.971633789736301,0.971633789736301,0,NA,0,0,0
"M",0.963749286196125,0.971633789736301,1,1,1,0,0,NA,0,0
"No_data",0.963749286196125,0.971633789736301,1,1,1,0,0,0,NA,0
"subventricular_zone",0.963749286196125,0.971633789736301,1,1,1,0,0,0,0,NA
