"","NPC","NSC","NPC","NSC"
"NPC",1,0.951072833721129,NA,0
"NSC",0.951072833721129,1,0,NA
