"","NPC","NSC","NPC","NSC"
"NPC",1,0.950828995162853,NA,0
"NSC",0.950828995162853,1,0,NA
