"","NPC","NSC","NPC","NSC"
"NPC",1,0.951081390179879,NA,0
"NSC",0.951081390179879,1,0,NA
