"","NPC","NSC","NPC","NSC"
"NPC",1,0.953700949649578,NA,0
"NSC",0.953700949649578,1,0,NA
