"","QNP","TAP","QNP","TAP"
"QNP",1,0.818266405007262,NA,0
"TAP",0.818266405007262,1,0,NA
