"","QNP","TAP","QNP","TAP"
"QNP",1,0.818290453887407,NA,0
"TAP",0.818290453887407,1,0,NA
