"","QNP","TAP","QNP","TAP"
"QNP",1,0.834025653075499,NA,0
"TAP",0.834025653075499,1,0,NA
