"","QNP","TAP","QNP","TAP"
"QNP",1,0.818325310865098,NA,0
"TAP",0.818325310865098,1,0,NA
